favorite_count,source,text,in_reply_to_screen_name,is_retweet,created_at,retweet_count,id_str
60963,Twitter for iPhone,"“While Steele shopped the document to multiple media outlets, he also asked for help with a RUSSIAN Oligarch.”  Cat… https://t.co/2SNfIhgsGr",,False,Thu Aug 16 23:45:01 +0000 2018,17058,1030239036093411328
70276,Twitter for iPhone,".@AlanDersh, a brilliant lawyer, who although a Liberal Democrat who probably didn’t vote for me, has discussed the… https://t.co/TOjjyGMIlf",,False,Thu Jul 26 22:48:38 +0000 2018,15701,1022614701665148934
179276,Twitter for iPhone,"Happy Birthday, America! https://t.co/SIi6xXsfof",,False,Thu Jul 05 02:47:35 +0000 2018,31653,1014702302408642562
114772,Twitter for iPhone,"Democrats can fix their forced family breakup at the Border by working with Republicans on new legislation, for a c… https://t.co/MNuogb4s3x",,False,Sat Jun 16 13:03:57 +0000 2018,28551,1007972046666690561
80248,Twitter for iPhone,"“FBI texts have revealed anti-Trump Bias.” @FoxNews  Big News, but the Fake News doesn’t want to cover. Total corru… https://t.co/tpRbo2iB09",,False,Wed Jun 20 14:00:18 +0000 2018,20892,1009435777992884227
80771,Twitter for iPhone,"Pastor Andrew Brunson, a fine gentleman and Christian leader in the United States, is on trial and being persecuted… https://t.co/NCEchahdPc",,False,Wed Apr 18 02:32:04 +0000 2018,19149,986432143189512192
71494,Twitter for iPhone,"...realize the economy is the best it’s ever been with employment being at an all time high, and many companies pou… https://t.co/YehOgd992y",realDonaldTrump,False,Wed Jun 13 09:40:03 +0000 2018,12719,1006833568641777664
73719,Twitter for iPhone,"I have been much tougher on Russia than Obama, just look at the facts. Total Fake News!",,False,Tue Feb 20 13:38:49 +0000 2018,14872,965943827931549696
81415,Twitter for iPhone,What is taking so long with the Inspector General’s Report on Crooked Hillary and Slippery James Comey. Numerous de… https://t.co/PIbQG7XG4S,,False,Tue Jun 05 10:38:51 +0000 2018,22533,1003949263481696256
99820,Twitter for iPhone,"Best economic numbers in decades. If the Democrats take control, kiss your newfound wealth goodbye!",,False,Sun Sep 16 22:18:10 +0000 2018,24801,1041451203442487297
90266,Twitter for iPhone,"So sorry, people wanting to get into the already packed arena - I LOVE YOU ALL! https://t.co/PFvXrsvgkA",,False,Wed Jun 20 23:30:38 +0000 2018,20293,1009579307847553024
56517,Twitter for iPhone,"Congressman Kevin Brady of Texas is so popular in his District, and far beyond, that he doesn’t need any help - but… https://t.co/SieRmnyj9r",,False,Tue Oct 30 12:25:07 +0000 2018,13975,1057247021919297536
64853,Twitter for iPhone,The ABC/Washington Post Poll was by far the least accurate one 2 weeks out from the 2016 Election. I call it a supp… https://t.co/kSbpC8z7BS,,False,Sat Sep 01 02:35:28 +0000 2018,14101,1035717747936768000
78000,Twitter for iPhone,Thank you Pennsylvania. I love you! https://t.co/qoswnBZb3f,,False,Fri Aug 03 00:30:28 +0000 2018,17352,1025177042470535168
67787,Twitter for iPhone,Trish_Regan:  “Did the FBI follow protocol to obtain the FISA warrant? I don’t think so. The Dossier was opposition… https://t.co/5ENitXe9BG,,False,Fri Dec 07 03:07:18 +0000 2018,18461,1070877381861277696
75604,Twitter for iPhone,"Just landed in West Virginia. Big crowd, looking forward to seeing everyone soon! #MAGA",,False,Tue Aug 21 21:32:31 +0000 2018,13175,1032017630662729728
66854,Twitter for iPhone,"Such a beautiful map, thank you! https://t.co/FyQdgKvsRO",,False,Wed Feb 28 04:20:43 +0000 2018,15465,968702480753315840
80354,Twitter for iPhone,"Despite requests, I have no plans to meet Iranian President Hassan Rouhani. Maybe someday in the future. I am sure… https://t.co/SpuT7bsm9W",,False,Tue Sep 25 10:53:41 +0000 2018,15283,1044540438806482944
84151,Twitter for iPhone,Turkey has taken advantage of the United States for many years. They are now holding our wonderful Christian Pastor… https://t.co/fsXxbwME3Z,,False,Thu Aug 16 23:30:26 +0000 2018,21951,1030235363258851328
75100,Twitter for iPhone,"Even if we get 100% Republican votes in the Senate, we need 10 Democrat votes to get a much needed Immigration Bill… https://t.co/eMvXkDpulv",,False,Fri Jun 22 10:54:51 +0000 2018,19291,1010113882344558592
113112,Twitter for iPhone,"The Philadelphia Eagles Football Team was invited to the White House. Unfortunately, only a small number of players… https://t.co/umtKEd0dru",,False,Tue Jun 05 02:55:56 +0000 2018,24141,1003832766511894528
97510,Twitter for iPhone,"Why was the FBI giving so much information to the Fake News Media. They are not supposed to be doing that, and know… https://t.co/cQ4u1JFjTU",,False,Mon Jun 18 00:25:53 +0000 2018,22979,1008506045373845504
96813,Twitter for iPhone,"....and Safety at the Border, or anywhere else. They know nothing about it and are making our Country unsafe. Our g… https://t.co/LJNXwcDdkj",,False,Thu Nov 22 12:30:27 +0000 2018,23277,1065583286188158976
74501,Twitter for iPhone,"Cosumer confidence highest in 18 years, Atlanta Fed forecasts 4.7 GDP, manufacturing jobs highest in many years. “I… https://t.co/auc4BehRcF",,False,Thu Sep 06 11:31:19 +0000 2018,18268,1037664539284844545
40544,Twitter for iPhone,"Join me LIVE in Moon Township, Pennsylvania at 7:00pmE. Great crowd for a #MAGA rally!
https://t.co/PYJNg0WGDL",,False,Sat Mar 10 23:56:47 +0000 2018,7013,972622325454659585
56228,Twitter for iPhone,"Unemployment filings are at their lowest level in over 48 years. Great news for workers and JOBS, JOBS, JOBS! #MAGA https://t.co/SzHTarzfrW",,False,Thu Mar 01 18:06:30 +0000 2018,13893,969272683061022721
78260,Twitter for iPhone,"....lawyer or law firm will take months to get up to speed (if for no other reason than they can bill more), which… https://t.co/VNRpirZlPZ",,False,Sun Mar 25 11:49:16 +0000 2018,16594,977875057572745216
104551,Twitter for iPhone,So General Michael Flynn’s life can be totally destroyed while Shadey James Comey can Leak and Lie and make lots of… https://t.co/q1lyKyyeYI,,False,Fri Apr 20 10:34:16 +0000 2018,28891,987278269765517312
52210,Twitter for iPhone,"...John is strong on crime and borders, loves our Military, our Vets and our Second Amendment. He will be a star. H… https://t.co/cqM3RjxNdF",realDonaldTrump,False,Fri Jul 27 15:53:20 +0000 2018,11954,1022872576211730432
148930,Twitter for iPhone,"When people come into our Country illegally, we must IMMEDIATELY escort them back out without going through years o… https://t.co/l0cBzDIMn0",,False,Sat Jun 30 19:44:09 +0000 2018,36713,1013146187510243328
79947,Twitter for iPhone,"Our Country was built on Tariffs, and Tariffs are now leading us to great new Trade Deals - as opposed to the horri… https://t.co/tnCxly8rCA",,False,Wed Aug 15 15:04:16 +0000 2018,19109,1029745594540150784
72845,Twitter for iPhone,#JobsNotMobs! https://t.co/U1suRW5j6G,,False,Fri Oct 19 18:41:29 +0000 2018,20871,1053355470449127424
123747,Twitter for iPhone,"“WE’RE NOT GOING TO MAKE AMERICA GREAT AGAIN, IT WAS NEVER THAT GREAT.” Can you believe this is the Governor of the… https://t.co/DZKWvvQ6t6",,False,Thu Aug 16 02:02:16 +0000 2018,33070,1029911186949767168
42154,Twitter for iPhone,https://t.co/LdXQb42Imc,,False,Thu Sep 20 23:57:13 +0000 2018,12349,1042925680109924352
93804,Twitter for iPhone,The Democrats do not want to help DACA. Would be so easy to make a deal!,,False,Tue Mar 20 00:28:45 +0000 2018,20234,975891861863829504
105378,Twitter for iPhone,"Despite some very corrupt and dishonest media coverage, there are many great reporters I respect and lots of GOOD N… https://t.co/XtmYEpRDAu",,False,Thu Jan 18 01:05:46 +0000 2018,20455,953795518592843777
36645,Twitter for iPhone,#VFWConvention @VFWHQ https://t.co/dBQx526axz,,False,Tue Jul 24 17:51:28 +0000 2018,7848,1021815138469457920
115883,Twitter for iPhone,This is the One Year Anniversary of my Presidency and the Democrats wanted to give me a nice present. #DemocratShutdown,,False,Sat Jan 20 11:33:35 +0000 2018,27538,954678287820902401
83642,Twitter for iPhone,"“John Brennan, no single figure in American history has done more to discredit the intelligence community than this… https://t.co/DETDPIYoeT",,False,Sat Jun 02 12:06:47 +0000 2018,22351,1002884227753480193
86525,Twitter for iPhone,"“I can die happy now with Trump Job performance,” stated Mary Matalin. “A great overall President, stunning!” Thank you Mary.",,False,Sun Apr 22 14:06:06 +0000 2018,15689,988056354567917568
156440,Twitter for iPhone,Just out: 3.7% Unemployment is the lowest number since 1969!,,False,Fri Oct 05 13:06:08 +0000 2018,36322,1048197648807854080
141345,Twitter for iPhone,"The Fake News Awards, those going to the most corrupt &amp; biased of the Mainstream Media, will be presented to the lo… https://t.co/MFPjW1foo3",,False,Sun Jan 07 20:35:39 +0000 2018,33899,950103659337134080
53046,Twitter for iPhone,"We are with you Florida! https://t.co/qzrVLeFbyF
https://t.co/HVVhSmBg7S https://t.co/rcB6OCwLeH",,False,Wed Oct 10 16:05:55 +0000 2018,11759,1050054830843199490
100766,Twitter for iPhone,"Our relationship with Russia has NEVER been worse thanks to many years of U.S. foolishness and stupidity and now, the Rigged Witch Hunt!",,False,Mon Jul 16 06:05:29 +0000 2018,22096,1018738368753078273
73335,Twitter for iPhone,House Intelligence Committee votes to release final report. FINDINGS: (1) No evidence provided of Collusion between… https://t.co/TDzrvtLstr,,False,Fri Mar 23 10:07:18 +0000 2018,19397,977124622285066240
89066,Twitter for iPhone,Great Republican election results last night. So far we have the team we want. 8 for 9 in Special Elections. Red Wave!,,False,Wed Aug 15 12:30:38 +0000 2018,18457,1029706933706661889
80527,Twitter for iPhone,"President Xi of China, and I, are working together to give massive Chinese phone company, ZTE, a way to get back in… https://t.co/E24lCZ6ZQz",,False,Sun May 13 15:01:00 +0000 2018,16292,995680316458262533
110211,Twitter for iPhone,The Republican Party is starting to show very big numbers. People are starting to see what is being done. Results a… https://t.co/oMHiPSxK12,,False,Thu Jun 14 12:34:25 +0000 2018,22484,1007239837529800705
114670,Twitter for iPhone,"The U.S. economy is looking very good, in my opinion, even better than anticipated. Companies are pouring back into… https://t.co/Sxweprvk7N",,False,Tue Feb 20 02:29:29 +0000 2018,23423,965775382598311937
146537,Twitter for iPhone,Will be giving a Full Pardon to Dinesh D’Souza today. He was treated very unfairly by our government!,,False,Thu May 31 13:18:35 +0000 2018,34437,1002177521599860736
85705,Twitter for iPhone,WELCOME HOME JOSH! https://t.co/2X0cKE4stx,,False,Sun May 27 01:49:54 +0000 2018,21672,1000554657859670016
76169,Twitter for iPhone,Why aren’t the 13 Angry and heavily conflicted Democrats investigating the totally Crooked Campaign of totally Croo… https://t.co/DTGUPCtveI,,False,Tue May 29 11:09:32 +0000 2018,17467,1001420270094168064
158940,Twitter for iPhone,"Congratulations @ElonMusk and @SpaceX on the successful #FalconHeavy launch. This achievement, along with @NASA’s c… https://t.co/MaQocjQKcI",,False,Wed Feb 07 03:05:45 +0000 2018,29016,961073467784421382
95695,Twitter for iPhone,"Prior to departing Wisconsin, I was briefed on the shooting at Capital Gazette in Annapolis, Maryland. My thoughts… https://t.co/DUhjdWWxBP",,False,Thu Jun 28 20:49:55 +0000 2018,17343,1012437964373123072
46734,Twitter for iPhone,Thank you to Congressman Tom Reed of New York for your wonderful comments on our great new Trade Deal with Mexico a… https://t.co/tuwwT7t11a,,False,Wed Oct 03 14:02:10 +0000 2018,9602,1047486972976095233
77769,Twitter for iPhone,"The HISTORIC Rescissions Package we’ve proposed would cut $15,000,000,000 in Wasteful Spending! We are getting our government back on track.",,False,Tue Jun 05 20:06:27 +0000 2018,17666,1004092104488947719
47514,Twitter for iPhone,Jeff Johnson of Minnesota had a big night in winning the Republican nomination for Governor against a very strong a… https://t.co/4sRK3Q339u,,False,Wed Aug 15 13:12:48 +0000 2018,10014,1029717542842052608
88332,Twitter for iPhone,"I am thrilled to announce that in the second quarter of this year, the U.S. Economy grew at the amazing rate of 4.1… https://t.co/cLRtLfjBnU",,False,Fri Jul 27 16:12:14 +0000 2018,20996,1022877332858650624
61600,Twitter for iPhone,Great day in North Carolina where Republicans will do very well!,,False,Sat Sep 01 02:36:57 +0000 2018,11182,1035718119459893250
153319,Twitter for iPhone,"So proud of our great Military which will soon be, after the spending of billions of fully approved dollars, the fi… https://t.co/kZ5qqY35s1",,False,Sat Apr 14 12:29:48 +0000 2018,28218,985133017256660995
66758,Twitter for iPhone,"“To this point, President Trump’s achievements are unprecedented.”  @LouDobbs",,False,Sat Sep 08 14:47:08 +0000 2018,14855,1038438594543845378
115685,Twitter for iPhone,"As I made very clear today, our country needs the security of the Wall on the Southern Border, which must be part of any DACA approval.",,False,Wed Jan 10 00:16:57 +0000 2018,22175,950884128379035650
73039,Twitter for iPhone,Mexico is making a fortune on NAFTA...They have very strong border laws - ours are pathetic. With all of the money… https://t.co/I8q69xZXwF,,False,Mon Apr 02 13:08:47 +0000 2018,17977,980794173279342592
81892,Twitter for iPhone,Many @harleydavidson owners plan to boycott the company if manufacturing moves overseas. Great! Most other companie… https://t.co/zd8aJznyQW,,False,Sun Aug 12 12:57:39 +0000 2018,17481,1028626569475051522
85610,Twitter for iPhone,"Wow, Nellie Ohr, Bruce Ohr’s wife, is a Russia expert who is fluent in Russian. She worked for Fusion GPS where she… https://t.co/rTaCZtOQaC",,False,Thu Aug 30 12:54:13 +0000 2018,25460,1035148684432953346
86239,Twitter for iPhone,Congratulations to newly inaugurated Mexican President @lopezobrador_. He had a tremendous political victory with t… https://t.co/UVwbELyLsW,,False,Mon Dec 03 19:42:31 +0000 2018,18325,1069678284580012032
97589,Twitter for iPhone,“There has been no evidence whatsoever that Donald Trump or the campaign was involved in any kind of collusion to f… https://t.co/bKtcI3tXBv,,False,Thu Aug 09 13:22:39 +0000 2018,25107,1027545694201159680
114516,Twitter for iPhone,"The Fake News is working overtime. Just reported that, despite the tremendous success we are having with the econom… https://t.co/loypJ75j0b",,False,Wed May 09 11:38:45 +0000 2018,25876,994179864436596736
49279,Twitter for iPhone,.@Troy_Balderson is doing a great job as Congressman from Ohio. We need him in D.C. Vote for Troy - He has my total Endorsement!,,False,Tue Oct 30 02:11:37 +0000 2018,13153,1057092628951502849
129442,Twitter for iPhone,AUSTIN BOMBING SUSPECT IS DEAD. Great job by law enforcement and all concerned!,,False,Wed Mar 21 10:28:16 +0000 2018,24270,976405122757558272
47291,Twitter for iPhone,I will be interviewed by @JudgeJeanine on @FoxNews at 9:00 P.M. Enjoy!,,False,Sun Feb 25 01:00:46 +0000 2018,7895,967564998238142471
64620,Twitter for iPhone,"...has endured because of the sweat, blood and sacrifice of the American Armed Forces – the greatest force for peac… https://t.co/BQ4LBX8A59",realDonaldTrump,False,Tue Jul 03 23:52:08 +0000 2018,12229,1014295759393644545
79412,Twitter for iPhone,".....hundreds of billions of dollars, for the great privilege of losing hundreds of billions of dollars with these… https://t.co/XQWv7ciUgm",,False,Mon Nov 12 12:10:16 +0000 2018,18057,1061954325843468288
87470,Twitter for iPhone,"These California fires are expanding very, very quickly (in some cases 80-100 acres a minute). If people don’t evac… https://t.co/5WUnd01wou",,False,Sat Nov 10 22:20:40 +0000 2018,20504,1061383163811893248
123367,Twitter for iPhone,"Crooked Hillary Clinton’s top aid, Huma Abedin, has been accused of disregarding basic security protocols. She put… https://t.co/TAM3Zf9ovm",,False,Tue Jan 02 12:48:00 +0000 2018,34462,948174033882927104
69041,Twitter Media Studio,The United States and the European Union have a $1 TRILLION bilateral trade relationship – the largest economic rel… https://t.co/tZ5hQIITht,,False,Wed Jul 25 20:57:24 +0000 2018,17431,1022224319336726528
90651,Twitter for iPhone,I hope the discovery and eventual recovery of the Argentine submarine San Juan brings needed closure to the wonderf… https://t.co/JK9pu1hoHv,,False,Tue Nov 20 04:19:18 +0000 2018,18129,1064734907941994497
125519,Twitter for iPhone,"The Rigged Witch Hunt, originally headed by FBI lover boy Peter S (for one year) &amp; now, 13 Angry Democrats, should… https://t.co/becFXtduBa",,False,Sat Jul 07 22:24:02 +0000 2018,33772,1015723140364865536
61749,Twitter for iPhone,"Texas LC George P. Bush backed me when it wasn’t the politically correct thing to do, and I back him now. Also, AC… https://t.co/6YdVjdovKe",,False,Tue Feb 27 22:55:36 +0000 2018,14317,968620661349470209
59909,Twitter for iPhone,....in Argentina with President Vladimir Putin. I look forward to a meaningful Summit again as soon as this situation is resolved!,realDonaldTrump,False,Thu Nov 29 16:34:19 +0000 2018,13026,1068181371883909121
95405,Twitter for iPhone,Jobless Claims fell to their lowest level in 49 years!,,False,Wed Sep 26 10:57:30 +0000 2018,20396,1044903785125089281
61856,Twitter for iPhone,“I’ve been skeptical about the collusion and obstruction claims for the last year. I just don’t see the evidence...… https://t.co/wUxgVpVTIN,,False,Tue Feb 27 12:28:59 +0000 2018,13609,968462966864609280
154399,Twitter for iPhone,Twitter “SHADOW BANNING” prominent Republicans. Not good. We will look into this discriminatory and illegal practic… https://t.co/Ml5infKJ0B,,False,Thu Jul 26 11:46:09 +0000 2018,48365,1022447980408983552
59893,Twitter for iPhone,"White House Counsel Don McGahn will be leaving his position in the fall, shortly after the confirmation (hopefully)… https://t.co/M3LEXMFTfx",,False,Wed Aug 29 14:30:35 +0000 2018,12221,1034810550025433090
92776,Twitter for iPhone,"Just had a long and very good conversation with President Xi Jinping of China. We talked about many subjects, with… https://t.co/oCSlKlE2Ny",,False,Thu Nov 01 14:09:10 +0000 2018,21056,1057997981922873344
56908,Twitter for iPhone,"With that being said, I have personally directed the fix to the unmasking process since taking office and today’s v… https://t.co/yvJkaKTGEr",realDonaldTrump,False,Thu Jan 11 14:14:51 +0000 2018,11235,951457382651056128
95264,Twitter Media Studio,Throwback Thursday! #MAGA https://t.co/8slzITa1l6,,False,Thu Aug 30 19:59:32 +0000 2018,26267,1035255721951035392
83620,Twitter for iPhone,"We are either going to have a REAL DEAL with China, or no deal at all - at which point we will be charging major Ta… https://t.co/JIqNBYOxT8",,False,Wed Dec 05 00:20:27 +0000 2018,18048,1070110615627333632
155379,Twitter for iPhone,"Andrew McCabe FIRED, a great day for the hard working men and women of the FBI - A great day for Democracy. Sanctim… https://t.co/Cz8RmnXjLC",,False,Sat Mar 17 04:08:02 +0000 2018,43953,974859881827258369
73353,Twitter for iPhone,Disgraced and discredited Bob Mueller and his whole group of Angry Democrat Thugs spent over 30 hours with the Whit… https://t.co/PO5FmEeV8V,,False,Mon Aug 20 11:28:45 +0000 2018,17866,1031503298967363586
103703,Twitter for iPhone,"Got $1.6 Billion to start Wall on Southern Border, rest will be forthcoming. Most importantly, got $700 Billion to… https://t.co/0uCYCqGbgf",,False,Thu Mar 22 03:00:36 +0000 2018,22798,976654851684945920
52742,Twitter for iPhone,"“I’m taking this book with a grain of salt &amp; everyone should do the same. Multiple sources, but almost every one of… https://t.co/gGk5E8fzAl",,False,Mon Sep 10 11:46:35 +0000 2018,11789,1039117933623078912
112811,Twitter for iPhone,The United States does not need John Kerry’s possibly illegal Shadow Diplomacy on the very badly negotiated Iran De… https://t.co/Cj3oXHLWCC,,False,Mon May 07 14:08:37 +0000 2018,30928,993492804985872385
54356,Twitter for iPhone,It was my honor to welcome @NASCAR Cup Series Champion @MartinTruex_Jr and his team to the @WhiteHouse yesterday! https://t.co/5cr2oybrnQ,,False,Tue May 22 19:35:34 +0000 2018,10100,999010902472122368
49132,Twitter for iPhone,"On my way to Tampa, Florida. Look forward to seeing everyone soon! https://t.co/BSB6IjBK7r",,False,Tue Jul 31 20:49:25 +0000 2018,8003,1024396639216140288
70478,Twitter for iPhone,"Today, we tell the story of an incredible HERO who defended our nation in World War Two – First Lieutenant Garlin M… https://t.co/nrpii7C3KK",,False,Tue Jun 26 20:12:05 +0000 2018,14756,1011703668721246209
78911,Twitter for iPhone,"Departing the @WhiteHouse for Erie, Pennsylvania. I cannot disappoint the thousands of people that are there - and… https://t.co/f63EzMSJvE",,False,Wed Oct 10 19:52:23 +0000 2018,14440,1050111823842893824
104476,Twitter for iPhone,"And the FAKE NEWS winners are...
https://t.co/59G6x2f7fD",,False,Thu Jan 18 01:00:05 +0000 2018,37202,953794085751574534
66783,Twitter for iPhone,Rick Scott is known as easily one of the best Governors in the USA. Florida is setting records in almost every cate… https://t.co/lSi7GOw8tD,,False,Sat Oct 20 15:03:27 +0000 2018,18457,1053662989272793089
96744,Twitter for iPhone,"The illegal Mueller Witch Hunt continues in search of a crime. There was never Collusion with Russia, except by the… https://t.co/1yHeuYGKy9",,False,Sun Sep 16 14:20:07 +0000 2018,24947,1041330897948160002
99788,Twitter for iPhone,"Just spoke to Governor Jerry Brown to let him know that we are with him, and the people of California, all the way!",,False,Wed Nov 14 19:58:17 +0000 2018,16828,1062796884648120320
50105,Twitter for iPhone,"Amy Kremer, Women for Trump, was so great on @foxandfriends. Brave and very smart, thank you Amy! @AmyKremer",,False,Thu Jun 28 11:32:09 +0000 2018,9118,1012297599431401474
115209,Twitter for iPhone,#Remembering41 https://t.co/9xbFYlZzNs,,False,Tue Dec 04 02:21:18 +0000 2018,21990,1069778641603780608
57787,Twitter for iPhone,https://t.co/PeF12D2IqJ,,False,Mon Aug 20 23:49:27 +0000 2018,14814,1031689704067018752
73906,Twitter for iPhone,"Thank you to Steve Rogers, FBI Joint Terror Task Force (Ret), for his very kind and generous remarks about me and m… https://t.co/0PT5wmiXJs",,False,Sun Oct 28 16:53:15 +0000 2018,16296,1056589723911757824
120959,Twitter for iPhone,"I would rather take a political risk in pursuit of peace, than to risk peace in pursuit of politics. #HELSINKI2018 https://t.co/XdlrJWLPIh",,False,Mon Jul 16 20:29:54 +0000 2018,33687,1018955906690584576
122004,Twitter for iPhone,"A Rocket has not been launched by North Korea in 9 months. Likewise, no Nuclear Tests. Japan is happy, all of Asia… https://t.co/g3B65VpB08",,False,Mon Jul 23 13:06:18 +0000 2018,28751,1021380986452545537
41132,Twitter for iPhone,Thank you Ohio! When you enter the voting booth tomorrow you will be making a simple choice. A vote for Republicans… https://t.co/tQRwV9W36n,,False,Mon Nov 05 21:26:24 +0000 2018,11104,1059557569818181632
113723,Twitter for iPhone,The Democrats are pushing for Universal HealthCare while thousands of people are marching in the UK because their U… https://t.co/9JK8HHq2bb,,False,Mon Feb 05 12:11:56 +0000 2018,28095,960486144818450432
74848,Twitter for iPhone,Our great financial team is in China trying to negotiate a level playing field on trade! I look forward to being wi… https://t.co/cBpZb9oSuJ,,False,Thu May 03 03:45:24 +0000 2018,14749,991886413686861824
88226,Twitter Web Client,"...peace treaty with Israel. We have taken Jerusalem, the toughest part of the negotiation, off the table, but Isra… https://t.co/on5fwpqknG",realDonaldTrump,False,Tue Jan 02 22:37:57 +0000 2018,18136,948322497602220032
89181,Twitter for iPhone,"Under our potential deal with China, they will purchase from our Great American Farmers practically as much as our Farmers can produce.",,False,Mon May 21 13:16:31 +0000 2018,19159,998553122179084290
50572,Twitter for iPhone,Great @Cabinet meeting at the @WhiteHouse this morning! https://t.co/kzmfovwUeb https://t.co/7AgbwbFNuw,,False,Mon Apr 09 19:32:27 +0000 2018,9677,983427438691708929
52103,Twitter for iPhone,"Thank you Macon, Georgia! Get out on Tuesday, November 6th and VOTE for @BrianKempGA as your next Governor to prote… https://t.co/s5GFglygrw",,False,Sun Nov 04 23:05:44 +0000 2018,13305,1059220177169063941
81814,Twitter for iPhone,I can’t think of something more concerning than a law enforcement officer suggesting that their going to use their… https://t.co/77nLJKxgDK,,False,Tue Jun 19 13:52:06 +0000 2018,19526,1009071326219395073
85837,Twitter for iPhone,So much happening with the now discredited Witch Hunt. This total Hoax will be studied for years!,,False,Thu Nov 29 04:39:03 +0000 2018,19654,1068001369746022400
47391,Twitter for iPhone,I urge all Americans to participate in #takebackday tomorrow! Let’s come together and BEAT last October’s record of… https://t.co/aIwL3BXrAp,,False,Fri Apr 27 19:23:23 +0000 2018,10967,989948140814991360
50075,Twitter for iPhone,"“Presidential Proclamation on Adjusting Imports of Aluminum into the United States” 
 
Proclamation:… https://t.co/2GahSEcox6",,False,Thu Mar 08 22:17:04 +0000 2018,11331,971872457182326784
43216,Twitter for iPhone,"Watch @MariaBartiromo at 6:00 P.M. on @FoxBusiness. Russian Hoax the big topic! Mainstream Media, often referred to… https://t.co/wOIuQSFzTl",,False,Sun Sep 16 21:40:19 +0000 2018,9830,1041441676949184512
81429,Twitter for iPhone,The Woodward book has already been refuted and discredited by General (Secretary of Defense) James Mattis and Gener… https://t.co/LtlBUGh9PI,,False,Tue Sep 04 23:18:08 +0000 2018,22451,1037117638101688320
83596,Twitter for iPhone,"Last night, it was my great honor to host America’s senior defense and military leaders for dinner at the White Hou… https://t.co/sa6xgJOMsX",,False,Tue Apr 10 13:30:35 +0000 2018,18060,983698762760704000
75748,Twitter for iPhone,California wildfires are being magnified &amp; made so much worse by the bad environmental laws which aren’t allowing m… https://t.co/V94EEYqoHv,,False,Mon Aug 06 21:53:42 +0000 2018,17385,1026587142989008897
101389,Twitter for iPhone,"Unbelievably, James Comey states that Polls, where Crooked Hillary was leading, were a factor in the handling (stup… https://t.co/0WH4arK3ft",,False,Sun Apr 15 11:42:33 +0000 2018,25612,985483513704124416
70964,Twitter for iPhone,"The reason that the small truck business in the U.S. is such a go to favorite is that, for many years, Tariffs of 2… https://t.co/XtFBz2Po4U",,False,Wed Nov 28 14:43:31 +0000 2018,17220,1067791101782831104
128040,Twitter for iPhone,"Would be very SMART if Mexico would stop the Caravans long before they get to our Southern Border, or if originatin… https://t.co/bAZjE2kSDE",,False,Sun Nov 25 13:28:30 +0000 2018,30558,1066685057648214018
45368,Twitter for iPhone,https://t.co/h43dehf0WV,,False,Tue Sep 25 15:27:35 +0000 2018,13271,1044609366970814465
136742,Twitter for iPhone,"Democrats, please do not distance yourselves from Nancy Pelosi. She is a wonderful person whose ideas &amp; policies ma… https://t.co/WSd4CvmFQL",,False,Fri Aug 10 21:30:43 +0000 2018,30911,1028030912095838208
166653,Twitter for iPhone,"If you don’t have Borders, you don’t have a Country!",,False,Tue Jun 19 13:52:18 +0000 2018,39221,1009071378371313664
125241,Twitter for iPhone,"Representative Devin Nunes, a man of tremendous courage and grit, may someday be recognized as a Great American Her… https://t.co/p7egMdnqQs",,False,Mon Feb 05 15:08:51 +0000 2018,32670,960530665702912000
114116,Twitter for iPhone,"DACA is probably dead because the Democrats don’t really want it, they just want to talk and take desperately neede… https://t.co/gZRLa3KopW",,False,Sun Jan 14 13:09:09 +0000 2018,25051,952528011869478912
86083,Twitter for iPhone,"Hundreds of good people, including very important Ambassadors and Judges, are being blocked and/or slow walked by t… https://t.co/ck2Ig9AZvs",,False,Wed Mar 14 13:02:11 +0000 2018,24221,973907142649397251
111242,Twitter for iPhone,"New Fox Poll shows a “40% Approval Rating by African Americans for President Trump, a record for Republicans.” Thank you, a great honor!",,False,Sun Nov 04 15:15:42 +0000 2018,27134,1059101889898430464
42688,Twitter for iPhone,There is only one way to stop this Democrat-Led assault on our sovereignty – you have to VOTE Republican TOMORROW!… https://t.co/CIjg0iG7o7,,False,Tue Nov 06 01:05:37 +0000 2018,12629,1059612735271505920
59169,Twitter for iPhone,WOW - Departing the White House shortly. See you soon Georgia! #MAGA https://t.co/Lk0SoU8pie https://t.co/Sn9D9o4fNZ,,False,Sun Nov 04 18:35:54 +0000 2018,15299,1059152270342975489
121494,Twitter for iPhone,Could somebody please explain to the Democrats (we need their votes) that our Country losses 250 Billion Dollars a… https://t.co/Z8nKReskdg,,False,Tue Dec 04 16:22:24 +0000 2018,36210,1069990310175014914
84948,Twitter for iPhone,"After having written many best selling books, and somewhat priding myself on my ability to write, it should be note… https://t.co/hh0aMWmvLk",,False,Tue Jul 03 23:13:34 +0000 2018,14429,1014286054805987330
50456,Twitter for iPhone,https://t.co/uIaENHQoPK,,False,Sat Oct 13 20:42:22 +0000 2018,11391,1051211563946975233
115073,Twitter for iPhone,What good is NATO if Germany is paying Russia billions of dollars for gas and energy? Why are there only 5 out of 2… https://t.co/5AL8w3gTfz,,False,Wed Jul 11 17:07:27 +0000 2018,27702,1017093020783710209
79473,Twitter for iPhone,I am heading for Canada and the G-7 for talks that will mostly center on the long time unfair trade practiced again… https://t.co/t0NEZZTIpf,,False,Fri Jun 08 11:22:44 +0000 2018,16580,1005047468705439744
74729,Twitter for iPhone,Trade negotiations are continuing with China. They have been making hundreds of billions of dollars a year from the… https://t.co/SPu8TrgTMU,,False,Tue May 15 12:35:30 +0000 2018,13893,996368474556583937
94118,Twitter for iPhone,"The 13 Angry Democrats (plus people who worked 8 years for Obama) working on the rigged Russia Witch Hunt, will be… https://t.co/xaRRUzpZ0X",,False,Tue May 29 11:00:02 +0000 2018,22416,1001417880116891650
34025,Twitter for iPhone,The @WhiteHouse is partnering with @Interior and @NatlParkService to bring the @NSCsafety's “Prescribed to Death” O… https://t.co/MdAenfaoTX,,False,Wed Apr 11 15:47:46 +0000 2018,7899,984095671262367744
80516,Twitter for iPhone,Great new book by Jason Chaffetz appropriately called “The Deep State.” Very interesting indeed!,,False,Wed Sep 19 23:57:36 +0000 2018,18983,1042563390462418944
36680,Twitter for iPad,"It was my great honor to welcome President @AlsisiOfficial of Egypt to the United States this afternoon, in New Yor… https://t.co/cOymp5g6dP",,False,Mon Sep 24 22:33:39 +0000 2018,7771,1044354203089547265
84636,Twitter for iPhone,"....On top of it all, Germany just started paying Russia, the country they want protection from, Billions of Dollar… https://t.co/4J4d3ctue6",,False,Thu Jul 12 06:12:05 +0000 2018,19179,1017290478839050240
45985,Twitter for iPhone,"We are completely ready for hurricane Florence, as the storm gets even larger and more powerful. Be careful!",,False,Thu Sep 13 11:39:42 +0000 2018,8121,1040203362652880896
62400,Twitter Web Client,Thank you to all of the American workers who travelled here today! This event is dedicated to YOU: the hardworking… https://t.co/SQmpmS7Rvs,,False,Thu Apr 12 18:32:30 +0000 2018,13179,984499517805486082
56112,Twitter for iPhone,....guy was corrupt and had anti-Trump animus. Strzok and others at the FBI should be criminally investigated for t… https://t.co/xKmXOSK0uF,,False,Tue Aug 14 11:07:00 +0000 2018,13425,1029323499226243072
105045,Twitter for iPhone,The Fake News is going crazy making up false stories and using only unnamed sources (who don’t exist). They are tot… https://t.co/CU3W06ZAJw,,False,Mon Apr 30 22:49:55 +0000 2018,24420,991087278515769345
62001,Twitter Media Studio,"As we come together to celebrate the extraordinary contributions of African-Americans to our nation, our thoughts t… https://t.co/SwAJxO88zC",,False,Wed Feb 14 18:15:12 +0000 2018,13827,963839056533626880
78258,Twitter for iPhone,The Democrat memo response on government surveillance abuses is a total political and legal BUST. Just confirms all… https://t.co/7xFWbPQ5Xh,,False,Sat Feb 24 23:16:13 +0000 2018,19016,967538684789739520
78277,Twitter for iPhone,https://t.co/9o5gZlJiTd,,False,Wed Sep 26 23:52:51 +0000 2018,17280,1045098909352235008
93976,Twitter for iPhone,"Slippery James Comey, a man who always ends up badly and out of whack (he is not smart!), will go down as the WORST… https://t.co/YSTiN7oLWq",,False,Sun Apr 15 13:07:10 +0000 2018,20645,985504808646971392
79561,Twitter for iPhone,"Our economy is perhaps BETTER than it has ever been. Companies doing really well, and moving back to America, and j… https://t.co/v2og0NMSZE",,False,Sun Jun 17 13:08:26 +0000 2018,14818,1008335560988078080
133034,Twitter for iPhone,"The Iran sanctions have officially been cast. These are the most biting sanctions ever imposed, and in November the… https://t.co/Evn5CsLP97",,False,Tue Aug 07 09:31:46 +0000 2018,35372,1026762818773757955
79913,Twitter for iPhone,We cannot keep a blind eye to the rampant unfair trade practices against our Country!,,False,Wed Mar 14 14:37:36 +0000 2018,14900,973931154796457984
157567,Twitter for iPhone,"So funny to watch the Fake News, especially NBC and CNN. They are fighting hard to downplay the deal with North Kor… https://t.co/khUajnNtoR",,False,Wed Jun 13 13:30:49 +0000 2018,39960,1006891643985854464
69879,Twitter for iPhone,Big Night In Texas!!!!,,False,Mon Oct 22 12:58:39 +0000 2018,14111,1054356359096033281
58156,Twitter for iPhone,More text messages between former FBI employees Peter Strzok and Lisa Page are a disaster and embarrassment to the… https://t.co/tlbYTIrfyO,,False,Thu Sep 13 12:06:15 +0000 2018,16075,1040210045525536768
56811,Twitter for iPhone,PRESIDENTIAL MEDAL OF FREEDOM https://t.co/Mgeg4wijTk,,False,Fri Nov 16 21:47:55 +0000 2018,12028,1063549250250960897
141348,Twitter for iPhone,Many Gang Members and some very bad people are mixed into the Caravan heading to our Southern Border. Please go bac… https://t.co/qFp1Dm5iv8,,False,Mon Oct 29 14:41:56 +0000 2018,40004,1056919064906469376
61182,Twitter for iPhone,Thank you to our great Coast Guard for doing such a tremendous job - thousands of lives being saved!… https://t.co/yJ4lNIiZ5t,,False,Tue Sep 18 15:59:58 +0000 2018,12704,1042080802849390593
143777,Twitter for iPhone,Thank you to Kanye West and the fact that he is willing to tell the TRUTH. One new and great FACT - African America… https://t.co/3WkFlEWfy5,,False,Fri Aug 10 22:58:05 +0000 2018,34135,1028052897563590657
43752,Twitter for iPhone,Secretary of State Mike Pompeo returned last night from Saudi Arabia and Turkey. I met with him this morning wherei… https://t.co/G0P6FCjzNG,,False,Thu Oct 18 15:40:23 +0000 2018,8941,1052947507238658049
57180,Twitter for iPhone,"Thank you General Kelly, book is total fiction! https://t.co/J5iUONhRin",,False,Wed Sep 05 13:51:29 +0000 2018,14180,1037337422860873731
60608,Twitter for iPhone,"....giving the information, and causing the appointment of a Special C without having the courage of his own convic… https://t.co/AmQWvbJfEM",,False,Wed Sep 12 01:28:29 +0000 2018,15303,1039687158456639489
77731,Twitter for iPhone,"While we are on the subject, it is reported that the U.S. Post Office will lose $1.50 on average for each package i… https://t.co/KJjzUtRvI3",,False,Sat Mar 31 12:45:41 +0000 2018,19879,980063581592047617
122534,Twitter for iPhone,...a tool of anti-Trump political actors. This is unacceptable in a democracy and ought to alarm anyone who wants t… https://t.co/tGnYODCVQx,,False,Sun Feb 04 00:53:18 +0000 2018,32594,959952974826098688
63200,Twitter for iPhone,HAPPY 100TH BIRTHDAY to our amazing current and former Army Warrant Officers. Thank you for your century of service… https://t.co/evmgK6cSId,,False,Mon Jul 09 22:22:40 +0000 2018,13352,1016447571563249666
82120,Twitter for iPhone,.@Rasmussen_Poll just came out at 48% approval rate despite the constant and intense Fake News. Higher than Electio… https://t.co/z56Pyu29KR,,False,Sat Sep 01 02:25:38 +0000 2018,19455,1035715271418413056
100148,Twitter for iPhone,"Our infrastructure plan has been put forward and has received great reviews by everyone except, of course, the Demo… https://t.co/2EfB9sObdN",,False,Tue Feb 13 10:43:22 +0000 2018,21074,963362959463469058
114411,Twitter for iPhone,"The only things the Democrats do well is “Resist,” which is their campaign slogan, and “Obstruct.” Cryin’ Chuck Sch… https://t.co/GBFgVFHKgz",,False,Sat Jul 28 00:47:58 +0000 2018,28839,1023007120130760704
75534,Twitter for iPhone,"“What will be disclosed is that there was no basis for these FISA Warrants, that the important information was kept… https://t.co/BSkLbopy8R",,False,Tue Sep 18 12:42:02 +0000 2018,22050,1042030988518408194
123472,Twitter for iPhone,"Please understand, there are consequences when people cross our Border illegally, whether they have children or not… https://t.co/mk2NZZX0au",,False,Sun Jul 29 11:58:09 +0000 2018,31580,1023538164298858497
69657,Twitter for iPhone,All of us here today are united by the same timeless values. We believe that our liberty is a gift from our creator… https://t.co/JTq9VefLWZ,,False,Fri May 04 20:37:47 +0000 2018,17224,992503576852393985
123266,Twitter for iPhone,"I have stated my concerns with Amazon long before the Election. Unlike others, they pay little or no taxes to state… https://t.co/ONyVYY2yMe",,False,Thu Mar 29 11:57:38 +0000 2018,30692,979326715272065024
71883,Twitter for iPhone,Jobless claims at a 49 year low!,,False,Fri Mar 02 00:51:28 +0000 2018,13926,969374597127778304
56505,Twitter for iPhone,".@ICEgov HSI agents and ERO officers, on behalf of an entire Nation, THANK YOU for what you are doing 24/7/365 to k… https://t.co/yN90uqG6z8",,False,Wed Jan 10 04:23:58 +0000 2018,12521,950946293077209088
77649,Twitter for iPhone,"Last year, I signed the landmark VA Accountability Act to ensure those who mistreat our Veterans can be held fully… https://t.co/iKPN2CoBgA",,False,Thu Nov 15 20:39:51 +0000 2018,19083,1063169733535678464
117645,Twitter for iPhone,If the E.U. wants to further increase their already massive tariffs and barriers on U.S. companies doing business t… https://t.co/taytTlApWc,,False,Sat Mar 03 17:53:50 +0000 2018,28185,969994273121820672
47108,Twitter for iPhone,Congressman Neal Dunn (@DunnCampaign) of Florida has done an outstanding job at everything having to do with #MAGA.… https://t.co/jH1qh0yo9h,,False,Wed Oct 17 19:36:08 +0000 2018,12070,1052644447853453312
61955,Twitter for iPhone,"Just landed at Fort Drum, New York. Looking forward to making a speech about our GREAT HEROES!",,False,Mon Aug 13 18:19:29 +0000 2018,10379,1029069948214288384
81256,Twitter for iPhone,"If the Democrats want to win Supreme Court and other Court picks, don’t Obstruct and Resist, but rather do it the g… https://t.co/aAFcZfLVmx",,False,Wed Jul 11 21:09:01 +0000 2018,17371,1017153813625626624
87584,Twitter for iPhone,"Gina Haspel, my highly respected nominee to lead the CIA, is being praised for the fact that she has been, and alwa… https://t.co/CMKj1jN9Wy",,False,Tue May 08 11:09:23 +0000 2018,19395,993810085540491264
31450,Twitter for iPhone,"Andy McCarthy will be on  @LouDobbs tonight. 7:00 P.M. , @FoxBusiness.",,False,Fri May 04 10:37:48 +0000 2018,5640,992352585863651329
86101,Twitter for iPhone,The big story that the Fake News Media refuses to report is lowlife Christopher Steele’s many meetings with Deputy… https://t.co/Ww4P9iVZYd,,False,Sat Aug 11 18:28:48 +0000 2018,24119,1028347518822825984
39247,Twitter for iPhone,....They have really done a great job in capturing my long-held views and ideas. This book is on sale now - a terri… https://t.co/uL14F6y1Pd,realDonaldTrump,False,Thu Nov 29 22:14:22 +0000 2018,8339,1068266949115695104
82271,Twitter for iPhone,"Is it really possible that Bruce Ohr, whose wife Nellie was paid by Simpson and GPS Fusion for work done on the Fak… https://t.co/QviBh0tnou",,False,Tue Oct 16 15:26:33 +0000 2018,24531,1052219253384994816
